ë¬¸ì œ ë²ˆí˜¸,ë¬¸ì œ í‹°ì–´,ë¬¸ì œ ì´ë¦„,ì „ì²´ ì œì¶œ ì¼€ì´ìŠ¤,ì •ë‹µ ì¼€ì´ìŠ¤,í‘¼ ì‚¬ëŒ ìˆ˜,ì •ë‹µ ë¹„ìœ¨,ë¬¸ì œ ë§í¬
1000,Sprout,A+B,1162908,455832,312224,38.804%,https://www.acmicpc.net/problem/1000
1001,Sprout,A-B,470078,320323,267983,69.360%,https://www.acmicpc.net/problem/1001
10998,Sprout,AÃ—B,334343,254155,222999,76.843%,https://www.acmicpc.net/problem/10998
1008,Sprout,A/B,784135,265635,220579,34.503%,https://www.acmicpc.net/problem/1008
10869,Sprout,ì‚¬ì¹™ì—°ì‚°,585255,262540,220425,44.887%,https://www.acmicpc.net/problem/10869
10430,Bronze V,ë‚˜ë¨¸ì§€,430601,220935,190213,51.524%,https://www.acmicpc.net/problem/10430
2753,Sprout,ìœ¤ë…„,407571,212058,175950,51.742%,https://www.acmicpc.net/problem/2753
2588,Bronze III,ê³±ì…ˆ,423663,197592,164658,46.655%,https://www.acmicpc.net/problem/2588
10950,Sprout,A+B - 3,331010,193172,161086,58.454%,https://www.acmicpc.net/problem/10950
2884,Bronze III,ì•ŒëŒ ì‹œê³„,515075,194980,160572,37.742%,https://www.acmicpc.net/problem/2884
10952,Sprout,A+B - 5,312517,164870,140195,52.508%,https://www.acmicpc.net/problem/10952
11021,Bronze V,A+B - 7,314757,154825,133285,49.083%,https://www.acmicpc.net/problem/11021
11022,Bronze V,A+B - 8,215580,145787,129196,68.272%,https://www.acmicpc.net/problem/11022
10951,Sprout,A+B - 4,425101,153957,128955,36.036%,https://www.acmicpc.net/problem/10951
15552,Sprout,ë¹ ë¥¸ A+B,344107,155366,125350,45.474%,https://www.acmicpc.net/problem/15552
1546,Bronze I,í‰ê· ,300748,152597,123457,50.242%,https://www.acmicpc.net/problem/1546
18108,Bronze V,1998ë…„ìƒì¸ ë‚´ê°€ íƒœêµ­ì—ì„œëŠ” 2541ë…„ìƒ?!,212712,135230,120610,63.694%,https://www.acmicpc.net/problem/18108
3052,Bronze II,ë‚˜ë¨¸ì§€,230537,133303,110828,57.700%,https://www.acmicpc.net/problem/3052
2525,Bronze III,ì˜¤ë¸ ì‹œê³„,319341,122352,103202,38.105%,https://www.acmicpc.net/problem/2525
2480,Bronze IV,ì£¼ì‚¬ìœ„ ì„¸ê°œ,257330,120334,101406,46.763%,https://www.acmicpc.net/problem/2480
2577,Bronze II,ìˆ«ìì˜ ê°œìˆ˜,201330,122127,99861,60.295%,https://www.acmicpc.net/problem/2577
11382,Sprout,ê¼¬ë§ˆ ì •ë¯¼,232656,92955,84013,40.475%,https://www.acmicpc.net/problem/11382
4344,Bronze I,í‰ê· ì€ ë„˜ê² ì§€,278322,122833,81875,40.445%,https://www.acmicpc.net/problem/4344
2558,Bronze V,A+B - 2,116189,82290,74001,72.306%,https://www.acmicpc.net/problem/2558
25304,Bronze IV,ì˜ìˆ˜ì¦,151122,83109,73348,55.583%,https://www.acmicpc.net/problem/25304
3003,Bronze V,"í‚¹, í€¸, ë£©, ë¹„ìˆ, ë‚˜ì´íŠ¸, í°",130202,75694,66759,59.053%,https://www.acmicpc.net/problem/3003
15596,Bronze II,ì •ìˆ˜ Nê°œì˜ í•©,143507,71420,61586,50.512%,https://www.acmicpc.net/problem/15596
10250,Bronze III,ACM í˜¸í…”,202519,69553,58666,33.284%,https://www.acmicpc.net/problem/10250
1712,Bronze II,ì†ìµë¶„ê¸°ì ,234650,66751,57332,28.182%,https://www.acmicpc.net/problem/1712
2475,Sprout,ê²€ì¦ìˆ˜,77586,57212,51477,74.626%,https://www.acmicpc.net/problem/2475
2738,Sprout,í–‰ë ¬ ë§ì…ˆ,98670,51876,44958,53.069%,https://www.acmicpc.net/problem/2738
10039,Bronze IV,í‰ê·  ì ìˆ˜,76664,47696,43142,63.001%,https://www.acmicpc.net/problem/10039
10757,Bronze V,í° ìˆ˜ A+B,104610,49214,42829,50.304%,https://www.acmicpc.net/problem/10757
5086,Bronze III,ë°°ìˆ˜ì™€ ì•½ìˆ˜,64666,40114,36827,62.826%,https://www.acmicpc.net/problem/5086
2587,Bronze II,ëŒ€í‘œê°’2,53987,33163,30308,61.931%,https://www.acmicpc.net/problem/2587
2420,Sprout,ì‚¬íŒŒë¦¬ì›”ë“œ,70388,32154,29072,46.150%,https://www.acmicpc.net/problem/2420
2163,Bronze I,ì´ˆì½œë¦¿ ìë¥´ê¸°,44934,31292,27766,71.264%,https://www.acmicpc.net/problem/2163
5543,Bronze IV,ìƒê·¼ë‚ ë“œ,46378,30385,27524,68.131%,https://www.acmicpc.net/problem/5543
10953,Bronze III,A+B - 6,45757,30908,27308,68.743%,https://www.acmicpc.net/problem/10953
2720,Bronze III,ì„¸íƒì†Œ ì‚¬ì¥ ë™í˜,42867,29613,26476,69.789%,https://www.acmicpc.net/problem/2720
13458,Bronze II,ì‹œí—˜ ê°ë…,98573,30628,22800,29.576%,https://www.acmicpc.net/problem/13458
15894,Bronze III,ìˆ˜í•™ì€ ì²´ìœ¡ê³¼ëª© ì…ë‹ˆë‹¤,44643,24319,22645,54.933%,https://www.acmicpc.net/problem/15894
1271,Bronze V,ì—„ì²­ë‚œ ë¶€ì2,86441,23953,21906,34.796%,https://www.acmicpc.net/problem/1271
27323,Bronze V,ì§ì‚¬ê°í˜•,24662,21318,20460,87.332%,https://www.acmicpc.net/problem/27323
2530,Bronze IV,ì¸ê³µì§€ëŠ¥ ì‹œê³„,50520,22753,20253,46.300%,https://www.acmicpc.net/problem/2530
2455,Bronze III,ì§€ëŠ¥í˜• ê¸°ì°¨,31144,22702,20194,75.710%,https://www.acmicpc.net/problem/2455
2914,Bronze III,ì €ì‘ê¶Œ,27155,21440,19862,80.037%,https://www.acmicpc.net/problem/2914
10156,Bronze IV,ê³¼ì,31244,19625,17985,62.973%,https://www.acmicpc.net/problem/10156
15964,Sprout,ì´ìƒí•œ ê¸°í˜¸,34836,18632,17601,55.522%,https://www.acmicpc.net/problem/15964
5522,Bronze V,ì¹´ë“œ ê²Œì„,22556,18501,17477,83.002%,https://www.acmicpc.net/problem/5522
2338,Bronze V,ê¸´ìë¦¬ ê³„ì‚°,43065,18414,17198,50.201%,https://www.acmicpc.net/problem/2338
2845,Bronze IV,íŒŒí‹°ê°€ ëë‚˜ê³  ë‚œ ë’¤,24055,17168,16054,72.433%,https://www.acmicpc.net/problem/2845
2953,Bronze III,ë‚˜ëŠ” ìš”ë¦¬ì‚¬ë‹¤,24419,16247,14484,67.901%,https://www.acmicpc.net/problem/2953
27433,Bronze V,íŒ©í† ë¦¬ì–¼ 2,34215,16023,14349,48.003%,https://www.acmicpc.net/problem/27433
5554,Bronze IV,ì‹¬ë¶€ë¦„ ê°€ëŠ” ê¸¸,17355,14504,13594,84.671%,https://www.acmicpc.net/problem/5554
5565,Bronze III,ì˜ìˆ˜ì¦,16367,14219,13169,87.828%,https://www.acmicpc.net/problem/5565
24264,Bronze III,ì•Œê³ ë¦¬ì¦˜ ìˆ˜ì—… - ì•Œê³ ë¦¬ì¦˜ì˜ ìˆ˜í–‰ ì‹œê°„ 3,26681,13653,13102,51.293%,https://www.acmicpc.net/problem/24264
10824,Bronze III,ë„¤ ìˆ˜,31802,14496,12714,45.994%,https://www.acmicpc.net/problem/10824
24265,Bronze III,ì•Œê³ ë¦¬ì¦˜ ìˆ˜ì—… - ì•Œê³ ë¦¬ì¦˜ì˜ ìˆ˜í–‰ ì‹œê°„ 4,26150,13287,12452,51.159%,https://www.acmicpc.net/problem/24265
2460,Bronze III,ì§€ëŠ¥í˜• ê¸°ì°¨ 2,16959,13434,12408,80.577%,https://www.acmicpc.net/problem/2460
16394,Bronze V,í™ìµëŒ€í•™êµ,15068,12820,12347,85.785%,https://www.acmicpc.net/problem/16394
2010,Bronze III,í”ŒëŸ¬ê·¸,25439,13890,12292,56.036%,https://www.acmicpc.net/problem/2010
5596,Bronze IV,ì‹œí—˜ ì ìˆ˜,15899,12860,11911,82.265%,https://www.acmicpc.net/problem/5596
5532,Bronze IV,ë°©í•™ ìˆ™ì œ,20819,13158,11873,64.177%,https://www.acmicpc.net/problem/5532
2935,Bronze III,ì†ŒìŒ,22179,12648,11865,60.952%,https://www.acmicpc.net/problem/2935
1267,Bronze III,í•¸ë“œí° ìš”ê¸ˆ,27202,13264,11801,49.495%,https://www.acmicpc.net/problem/1267
2476,Bronze III,ì£¼ì‚¬ìœ„ ê²Œì„,23865,12518,11454,54.595%,https://www.acmicpc.net/problem/2476
5717,Bronze IV,ìƒê·¼ì´ì˜ ì¹œêµ¬ë“¤,15529,11936,11395,78.048%,https://www.acmicpc.net/problem/5717
2506,Bronze III,ì ìˆ˜ê³„ì‚°,16408,12356,11157,76.570%,https://www.acmicpc.net/problem/2506
2875,Bronze III,ëŒ€íšŒ or ì¸í„´,29118,13090,11048,45.035%,https://www.acmicpc.net/problem/2875
16430,Bronze V,ì œë¦¬ì™€ í†°,13657,11487,10935,84.985%,https://www.acmicpc.net/problem/16430
10833,Bronze III,ì‚¬ê³¼,13755,11282,10020,83.535%,https://www.acmicpc.net/problem/10833
15727,Bronze V,ì¡°ë³„ê³¼ì œë¥¼ í•˜ë ¤ëŠ”ë° ì¡°ì¥ì´ ì‚¬ë¼ì¡Œë‹¤,16480,10056,9455,61.274%,https://www.acmicpc.net/problem/15727
24723,Bronze IV,ë…¹ìƒ‰ê±°íƒ‘,15123,10056,9441,66.952%,https://www.acmicpc.net/problem/24723
13277,Bronze V,í° ìˆ˜ ê³±ì…ˆ,17760,10798,9270,69.360%,https://www.acmicpc.net/problem/13277
2864,Bronze II,5ì™€ 6ì˜ ì°¨ì´,13521,10069,9144,75.884%,https://www.acmicpc.net/problem/2864
5355,Bronze II,í™”ì„± ìˆ˜í•™,17614,9773,8815,57.118%,https://www.acmicpc.net/problem/5355
9085,Bronze III,ë”í•˜ê¸°,12237,9729,8777,80.383%,https://www.acmicpc.net/problem/9085
10103,Bronze III,ì£¼ì‚¬ìœ„ ê²Œì„,11186,9189,8715,83.405%,https://www.acmicpc.net/problem/10103
20492,Bronze V,ì„¸ê¸ˆ,13487,8671,8213,64.782%,https://www.acmicpc.net/problem/20492
14652,Bronze IV,ë‚˜ëŠ” í–‰ë³µí•©ë‹ˆë‹¤~,12470,7920,7436,64.217%,https://www.acmicpc.net/problem/14652
14928,Bronze V,í° ìˆ˜ (BIG),12887,7842,7287,64.670%,https://www.acmicpc.net/problem/14928
31403,Bronze IV,A+Bâˆ’C,11950,7596,7201,64.185%,https://www.acmicpc.net/problem/31403
9325,Bronze III,ì–¼ë§ˆ?,9225,7419,6830,81.194%,https://www.acmicpc.net/problem/9325
17256,Bronze IV,ë‹¬ë‹¬í•¨ì´ ë„˜ì³í˜ëŸ¬,8978,7086,6780,79.559%,https://www.acmicpc.net/problem/17256
15953,Bronze III,ìƒê¸ˆ í—Œí„°,21976,7848,6605,37.420%,https://www.acmicpc.net/problem/15953
11948,Bronze IV,ê³¼ëª©ì„ íƒ,9255,6845,6471,75.332%,https://www.acmicpc.net/problem/11948
3058,Bronze III,ì§ìˆ˜ë¥¼ ì°¾ì•„ë¼,10015,6990,6469,71.127%,https://www.acmicpc.net/problem/3058
5575,Bronze IV,íƒ€ì„ ì¹´ë“œ,9276,6918,6441,76.442%,https://www.acmicpc.net/problem/5575
10569,Bronze III,ë‹¤ë©´ì²´,7669,6729,6422,88.421%,https://www.acmicpc.net/problem/10569
9295,Bronze IV,ì£¼ì‚¬ìœ„,9222,6762,6355,74.432%,https://www.acmicpc.net/problem/9295
15969,Bronze II,í–‰ë³µ,10500,7252,6274,72.339%,https://www.acmicpc.net/problem/15969
10707,Bronze III,ìˆ˜ë„ìš”ê¸ˆ,9194,6860,6271,75.500%,https://www.acmicpc.net/problem/10707
10984,Bronze III,ë‚´ í•™ì ì„ êµ¬í•´ì¤˜,11732,7271,6105,62.654%,https://www.acmicpc.net/problem/10984
1284,Bronze III,ì§‘ ì£¼ì†Œ,9669,6643,6105,70.197%,https://www.acmicpc.net/problem/1284
5988,Bronze III,í™€ìˆ˜ì¼ê¹Œ ì§ìˆ˜ì¼ê¹Œ,14734,6700,6097,49.060%,https://www.acmicpc.net/problem/5988
30802,Bronze III,ì›°ì»´ í‚¤íŠ¸,11720,6379,5951,54.678%,https://www.acmicpc.net/problem/30802
20499,Bronze IV,Dariusë‹˜ í•œíƒ€ ì•ˆ í•¨?,10720,6449,5924,61.386%,https://www.acmicpc.net/problem/20499
1247,Bronze III,ë¶€í˜¸,20887,6666,5837,36.625%,https://www.acmicpc.net/problem/1247
14489,Bronze IV,ì¹˜í‚¨ ë‘ ë§ˆë¦¬ (...),9801,5876,5574,60.666%,https://www.acmicpc.net/problem/14489
2355,Bronze II,ì‹œê·¸ë§ˆ,25718,6374,5574,26.438%,https://www.acmicpc.net/problem/2355
4299,Bronze IV,AFC ìœ”ë¸”ë˜,20837,6242,5520,30.275%,https://www.acmicpc.net/problem/4299
10178,Bronze III,í• ë¡œìœˆì˜ ì‚¬íƒ•,7679,5623,5346,74.613%,https://www.acmicpc.net/problem/10178
10158,Silver III,ê°œë¯¸,23894,6671,5310,30.939%,https://www.acmicpc.net/problem/10158
4504,Bronze III,ë°°ìˆ˜ ì°¾ê¸°,10777,5715,5289,53.816%,https://www.acmicpc.net/problem/4504
13866,Bronze IV,íŒ€ ë‚˜ëˆ„ê¸°,9377,5655,5233,61.069%,https://www.acmicpc.net/problem/13866
17362,Bronze IV,ìˆ˜í•™ì€ ì²´ìœ¡ê³¼ëª© ì…ë‹ˆë‹¤ 2,8430,5667,5176,68.325%,https://www.acmicpc.net/problem/17362
15873,Bronze IV,ê³µë°± ì—†ëŠ” A+B,11568,5540,5104,49.597%,https://www.acmicpc.net/problem/15873
1598,Bronze III,ê¼¬ë¦¬ë¥¼ ë¬´ëŠ” ìˆ«ì ë‚˜ì—´,12693,5435,4898,44.146%,https://www.acmicpc.net/problem/1598
15726,Bronze IV,ì´ì¹™ì—°ì‚°,17825,5370,4751,31.062%,https://www.acmicpc.net/problem/15726
2702,Bronze II,ì´ˆ6 ìˆ˜í•™,7503,5367,4650,73.460%,https://www.acmicpc.net/problem/2702
25238,Bronze IV,ê°€í¬ì™€ ë°©ì–´ìœ¨ ë¬´ì‹œ,9942,4982,4627,50.902%,https://www.acmicpc.net/problem/25238
14924,Bronze IV,í° ë…¸ì´ë§Œê³¼ íŒŒë¦¬,6187,5043,4621,81.979%,https://www.acmicpc.net/problem/14924
27959,Bronze V,ì´ˆì½”ë°”,6862,4787,4541,70.034%,https://www.acmicpc.net/problem/27959
10822,Bronze II,ë”í•˜ê¸°,6153,4980,4518,82.355%,https://www.acmicpc.net/problem/10822
14470,Bronze IV,ì „ìë ˆì¸ì§€,6342,4853,4419,76.612%,https://www.acmicpc.net/problem/14470
1252,Bronze II,ì´ì§„ìˆ˜ ë§ì…ˆ,14120,4713,4202,35.571%,https://www.acmicpc.net/problem/1252
2959,Bronze III,ê±°ë¶ì´,6065,4475,4144,75.428%,https://www.acmicpc.net/problem/2959
17496,Bronze III,ìŠ¤íƒ€í›„ë¥´ì¸ ,6144,4338,4122,70.922%,https://www.acmicpc.net/problem/17496
15700,Bronze IV,íƒ€ì¼ ì±„ìš°ê¸° 4,7450,4338,4059,60.258%,https://www.acmicpc.net/problem/15700
23971,Bronze III,ZOAC 4,9516,4518,4032,49.141%,https://www.acmicpc.net/problem/23971
11023,Bronze III,ë”í•˜ê¸° 3,5745,4460,4001,79.071%,https://www.acmicpc.net/problem/11023
23795,Bronze IV,ì‚¬ì¥ë‹˜ ë„ë°•ì€ ì¬ë¯¸ë¡œ í•˜ì…”ì•¼ í•©ë‹ˆë‹¤,5214,4188,3941,80.709%,https://www.acmicpc.net/problem/23795
19698,Bronze IV,í—›ê°„ ì²­ì•½,6754,4091,3697,61.148%,https://www.acmicpc.net/problem/19698
10539,Bronze II,ìˆ˜ë¹ˆì´ì™€ ìˆ˜ì—´,5646,4123,3693,75.847%,https://www.acmicpc.net/problem/10539
16204,Bronze IV,ì¹´ë“œ ë½‘ê¸°,5153,4018,3613,78.766%,https://www.acmicpc.net/problem/16204
11006,Bronze III,ë‚¨ìš±ì´ì˜ ë‹­ì¥,5013,3814,3598,77.845%,https://www.acmicpc.net/problem/11006
25191,Bronze IV,ì¹˜í‚¨ëŒ„ìŠ¤ë¥¼ ì¶”ëŠ” ê³°ê³°ì´ë¥¼ ë³¸ ì„ìŠ¤,5051,3792,3577,75.704%,https://www.acmicpc.net/problem/25191
26711,Bronze V,A+B,6902,3698,3554,60.237%,https://www.acmicpc.net/problem/26711
4892,Bronze III,ìˆ«ì ë§ì¶”ê¸° ê²Œì„,7066,3902,3545,58.058%,https://www.acmicpc.net/problem/4892
10179,Bronze III,ì¿ í°,6868,3786,3543,56.247%,https://www.acmicpc.net/problem/10179
5361,Bronze III,ì „íˆ¬ ë“œë¡œì´ë“œ ê°€ê²©,5424,3681,3482,69.501%,https://www.acmicpc.net/problem/5361
23825,Bronze IV,SASA ëª¨í˜•ì„ ë§Œë“¤ì–´ë³´ì,4734,3667,3480,78.484%,https://www.acmicpc.net/problem/23825
5032,Bronze II,íƒ„ì‚° ìŒë£Œ,6965,3752,3465,55.824%,https://www.acmicpc.net/problem/5032
1356,Bronze I,ìœ ì§„ìˆ˜,8100,3865,3456,49.091%,https://www.acmicpc.net/problem/1356
2783,Bronze III,ì‚¼ê° ê¹€ë°¥,5606,3683,3448,67.608%,https://www.acmicpc.net/problem/2783
16199,Bronze IV,ë‚˜ì´ ê³„ì‚°í•˜ê¸°,7450,3942,3412,53.463%,https://www.acmicpc.net/problem/16199
3062,Bronze II,ìˆ˜ ë’¤ì§‘ê¸°,6625,3826,3381,59.950%,https://www.acmicpc.net/problem/3062
1350,Bronze II,ì§„ì§œ ê³µê°„,9598,3715,3352,39.796%,https://www.acmicpc.net/problem/1350
2985,Bronze III,ì„¸ ìˆ˜,6527,3552,3317,58.154%,https://www.acmicpc.net/problem/2985
29751,Bronze V,ì‚¼ê°í˜•,4910,3434,3313,71.094%,https://www.acmicpc.net/problem/29751
11816,Bronze II,"8ì§„ìˆ˜, 10ì§„ìˆ˜, 16ì§„ìˆ˜",5253,3720,3310,71.972%,https://www.acmicpc.net/problem/11816
28701,Bronze V,ì„¸ì œê³±ì˜ í•©,4657,3408,3224,74.047%,https://www.acmicpc.net/problem/28701
10409,Bronze III,ì„œë²„,6748,3386,3144,51.339%,https://www.acmicpc.net/problem/10409
4880,Bronze III,ë‹¤ìŒìˆ˜,5819,3386,3124,60.054%,https://www.acmicpc.net/problem/4880
2863,Bronze III,ì´ê²Œ ë¶„ìˆ˜?,6124,3385,3122,56.425%,https://www.acmicpc.net/problem/2863
5613,Bronze III,ê³„ì‚°ê¸° í”„ë¡œê·¸ë¨,5054,3298,3038,68.010%,https://www.acmicpc.net/problem/5613
16673,Bronze III,ê³ ë ¤ëŒ€í•™êµì—ëŠ” ê³µì‹ ì™€ì¸ì´ ìˆë‹¤,4137,3425,3026,83.269%,https://www.acmicpc.net/problem/16673
2997,Bronze III,ë„¤ ë²ˆì§¸ ìˆ˜,6104,3293,3018,56.380%,https://www.acmicpc.net/problem/2997
3029,Bronze III,ê²½ê³ ,8821,3292,2915,38.139%,https://www.acmicpc.net/problem/3029
25628,Bronze IV,í–„ë²„ê±° ë§Œë“¤ê¸°,3937,3009,2887,77.172%,https://www.acmicpc.net/problem/25628
27434,Bronze V,íŒ©í† ë¦¬ì–¼ 3,7963,3178,2882,47.589%,https://www.acmicpc.net/problem/27434
6679,Bronze II,ì‹±ê¸°í•œ ë„¤ìë¦¬ ìˆ«ì,4906,3424,2867,72.799%,https://www.acmicpc.net/problem/6679
9550,Bronze III,ì•„ì´ë“¤ì€ ì‚¬íƒ•ì„ ì¢‹ì•„í•´,3621,2983,2807,84.017%,https://www.acmicpc.net/problem/9550
27110,Bronze IV,íŠ¹ì‹ ë°°ë¶€,3600,2975,2796,83.662%,https://www.acmicpc.net/problem/27110
28113,Bronze V,ì •ë³´ì„¬ì˜ ëŒ€ì¤‘êµí†µ,4779,2893,2743,61.891%,https://www.acmicpc.net/problem/28113
28444,Bronze V,HI-ARC=?,3138,2804,2708,90.086%,https://www.acmicpc.net/problem/28444
4766,Bronze III,ì¼ë°˜ í™”í•™ ì‹¤í—˜,4197,2881,2699,71.082%,https://www.acmicpc.net/problem/4766
15353,Silver III,í° ìˆ˜ A+B (2),6694,3279,2686,53.774%,https://www.acmicpc.net/problem/15353
30030,Bronze V,ìŠ¤ìœ„íŠ¸ì½˜ ê°€ê²© êµ¬í•˜ê¸°,3810,2813,2680,74.465%,https://www.acmicpc.net/problem/30030
6131,Bronze III,ì™„ì „ ì œê³±ìˆ˜,4130,3027,2669,73.364%,https://www.acmicpc.net/problem/6131
7572,Bronze II,ê°„ì§€(å¹²æ”¯),5189,3013,2661,60.354%,https://www.acmicpc.net/problem/7572
30007,Bronze V,ë¼ë©´ ê³µì‹,3390,2738,2648,81.678%,https://www.acmicpc.net/problem/30007
17356,Bronze IV,ìš± ì œ,3311,2763,2628,84.583%,https://www.acmicpc.net/problem/17356
10474,Bronze III,ë¶„ìˆ˜ì¢‹ì•„í•´?,3684,2782,2607,77.199%,https://www.acmicpc.net/problem/10474
11024,Bronze III,ë”í•˜ê¸° 4,4399,2853,2584,68.233%,https://www.acmicpc.net/problem/11024
5533,Bronze I,ìœ ë‹ˆí¬,3801,2785,2549,75.773%,https://www.acmicpc.net/problem/5533
22864,Bronze II,í”¼ë¡œë„,6496,2899,2511,44.569%,https://www.acmicpc.net/problem/22864
2858,Bronze II,ê¸°ìˆ™ì‚¬ ë°”ë‹¥,5397,3035,2511,57.303%,https://www.acmicpc.net/problem/2858
1731,Bronze II,ì¶”ë¡ ,4565,2734,2500,61.470%,https://www.acmicpc.net/problem/1731
10419,Bronze III,ì§€ê°,3713,2706,2455,75.145%,https://www.acmicpc.net/problem/10419
15781,Bronze III,í—¬ë©§ê³¼ ì¡°ë¼,3093,2580,2398,84.765%,https://www.acmicpc.net/problem/15781
25494,Bronze IV,ë‹¨ìˆœí•œ ë¬¸ì œ (Small),3418,2676,2380,79.625%,https://www.acmicpc.net/problem/25494
16917,Bronze II,ì–‘ë… ë°˜ í›„ë¼ì´ë“œ ë°˜,4892,2771,2314,58.464%,https://www.acmicpc.net/problem/16917
1864,Bronze II,ë¬¸ì–´ ìˆ«ì,3521,2493,2289,72.805%,https://www.acmicpc.net/problem/1864
2547,Bronze III,ì‚¬íƒ• ì„ ìƒ ê³ ì°½ì˜,7257,2558,2270,39.024%,https://www.acmicpc.net/problem/2547
4435,Bronze III,ì¤‘ê°„ê³„ ì „ìŸ,4405,2470,2263,57.393%,https://www.acmicpc.net/problem/4435
2755,Bronze I,ì´ë²ˆí•™ê¸° í‰ì ì€ ëª‡ì ?,7642,2590,2249,36.169%,https://www.acmicpc.net/problem/2755
2991,Bronze III,ì‚¬ë‚˜ìš´ ê°œ,3732,2456,2248,68.662%,https://www.acmicpc.net/problem/2991
11134,Bronze III,ì¿ í‚¤ì• í˜¸ê°€,2973,2339,2198,80.044%,https://www.acmicpc.net/problem/11134
15667,Bronze III,2018 ì—°ì„¸ëŒ€í•™êµ í”„ë¡œê·¸ë˜ë° ê²½ì§„ëŒ€íšŒ,3491,2403,2166,69.312%,https://www.acmicpc.net/problem/15667
1703,Bronze III,ìƒì¥ì ,2938,2307,2151,80.956%,https://www.acmicpc.net/problem/1703
29699,Bronze V,Welcome to SMUPC!,4345,2272,2144,53.109%,https://www.acmicpc.net/problem/29699
14568,Bronze III,2017 ì—°ì„¸ëŒ€í•™êµ í”„ë¡œê·¸ë˜ë° ê²½ì‹œëŒ€íšŒ,5045,2549,2111,50.539%,https://www.acmicpc.net/problem/14568
10823,Bronze I,ë”í•˜ê¸° 2,4399,2438,2105,57.877%,https://www.acmicpc.net/problem/10823
5724,Bronze III,íŒŒì¸ë§Œ,2782,2238,2073,82.402%,https://www.acmicpc.net/problem/5724
10834,Bronze II,ë²¨íŠ¸,6242,2586,2051,44.733%,https://www.acmicpc.net/problem/10834
2712,Bronze III,ë¯¸êµ­ ìŠ¤íƒ€ì¼,3675,2340,2051,65.885%,https://www.acmicpc.net/problem/2712
9501,Bronze III,ê¿ì˜ ìš°ì£¼ì—¬í–‰,2643,2098,1971,81.312%,https://www.acmicpc.net/problem/9501
15780,Bronze III,ë©€í‹°íƒ­ ì¶©ë¶„í•˜ë‹ˆ?,4030,2195,1967,57.768%,https://www.acmicpc.net/problem/15780
5691,Bronze III,í‰ê·  ì¤‘ì•™ê°’ ë¬¸ì œ,2545,2026,1910,80.967%,https://www.acmicpc.net/problem/5691
2145,Bronze II,ìˆ«ì ë†€ì´,3468,2123,1898,64.404%,https://www.acmicpc.net/problem/2145
25625,Bronze IV,ìƒ¤í‹€ë²„ìŠ¤,2442,1986,1887,82.059%,https://www.acmicpc.net/problem/25625
12756,Bronze III,ê³ ê¸‰ ì—¬ê´€,3820,2038,1886,55.001%,https://www.acmicpc.net/problem/12756
15792,Bronze I,A/B - 2,8071,2292,1872,37.232%,https://www.acmicpc.net/problem/15792
5692,Bronze III,íŒ©í† ë¦¬ì–¼ ì§„ë²•,5507,2395,1865,44.149%,https://www.acmicpc.net/problem/5692
5026,Bronze II,ë°•ì‚¬ ê³¼ì •,3025,2023,1851,68.051%,https://www.acmicpc.net/problem/5026
25704,Bronze IV,ì¶œì„ ì´ë²¤íŠ¸,5292,2010,1849,38.959%,https://www.acmicpc.net/problem/25704
6322,Bronze III,ì§ê° ì‚¼ê°í˜•ì˜ ë‘ ë³€,5809,1980,1836,35.706%,https://www.acmicpc.net/problem/6322
13420,Bronze II,ì‚¬ì¹™ì—°ì‚°,3682,2032,1824,57.000%,https://www.acmicpc.net/problem/13420
2729,Bronze I,ì´ì§„ìˆ˜ ë§ì…ˆ,5362,2053,1822,43.155%,https://www.acmicpc.net/problem/2729
10599,Bronze III,í˜ë¥´ì‹œì•„ì˜ ì™•ë“¤,2391,1864,1761,80.928%,https://www.acmicpc.net/problem/10599
9366,Bronze III,ì‚¼ê°í˜• ë¶„ë¥˜,3704,1812,1668,50.561%,https://www.acmicpc.net/problem/9366
25591,Bronze IV,í‘¸ì•™ì´ì™€ ì¢…ìœ¤ì´,2215,1740,1639,80.898%,https://www.acmicpc.net/problem/25591
13416,Bronze III,ì£¼ì‹ íˆ¬ì,2503,1857,1637,76.175%,https://www.acmicpc.net/problem/13416
9546,Bronze II,3000ë²ˆ ë²„ìŠ¤,2564,1804,1634,71.291%,https://www.acmicpc.net/problem/9546
6376,Bronze II,e ê³„ì‚°,4455,1846,1629,42.349%,https://www.acmicpc.net/problem/6376
28097,Bronze IV,ëª¨ë²”ìƒ í¬ë‹‰ìŠ¤,2090,1655,1569,80.462%,https://www.acmicpc.net/problem/28097
8949,Bronze II,ëŒ€ì¶© ë”í•´,2408,1693,1560,71.560%,https://www.acmicpc.net/problem/8949
30017,Bronze IV,ì¹˜ì¦ˆë²„ê±° ë§Œë“¤ê¸°,2599,1714,1557,66.482%,https://www.acmicpc.net/problem/30017
11320,Bronze III,ì‚¼ê° ë¬´ëŠ¬ - 1,2153,1626,1520,76.923%,https://www.acmicpc.net/problem/11320
1434,Bronze II,ì±… ì •ë¦¬,2376,1646,1481,72.103%,https://www.acmicpc.net/problem/1434
9469,Bronze III,í° ë…¸ì´ë§Œ,2153,1733,1431,83.246%,https://www.acmicpc.net/problem/9469
29736,Bronze IV,ë¸Œì‹¤ì´ì™€ ì¹œêµ¬ê°€ ë˜ê³  ì‹¶ì–´ ğŸ¤¸â€â™€ï¸,2555,1500,1425,60.794%,https://www.acmicpc.net/problem/29736
4388,Bronze III,ë°›ì•„ì˜¬ë¦¼,4064,1578,1423,41.620%,https://www.acmicpc.net/problem/4388
15720,Silver V,ì¹´ìš°ë²„ê±°,2344,1553,1407,69.072%,https://www.acmicpc.net/problem/15720
28281,Bronze IV,ì„ ë¬¼,2151,1444,1364,69.239%,https://www.acmicpc.net/problem/28281
23348,Bronze III,ìŠ¤íŠ¸ë¦¿ ì½”ë”© íŒŒì´í„°,2045,1511,1354,78.266%,https://www.acmicpc.net/problem/23348
14726,Bronze II,ì‹ ìš©ì¹´ë“œ íŒë³„,2555,1685,1353,67.956%,https://www.acmicpc.net/problem/14726
18247,Bronze III,ê²¨ìš¸ì™•êµ­ í‹°ì¼“ ì˜ˆë§¤,2529,1461,1337,57.804%,https://www.acmicpc.net/problem/18247
11648,Bronze III,ì§€ì†,1750,1410,1322,81.908%,https://www.acmicpc.net/problem/11648
2765,Bronze III,ìì „ê±° ì†ë„,2412,1446,1319,62.012%,https://www.acmicpc.net/problem/2765
15734,Bronze III,ëª…ì¥ ë‚¨ì •í›ˆ,2400,1413,1308,61.698%,https://www.acmicpc.net/problem/15734
17269,Bronze I,ì´ë¦„ê¶í•© í…ŒìŠ¤íŠ¸,2829,1564,1293,57.518%,https://www.acmicpc.net/problem/17269
21312,Bronze III,í™€ì§ ì¹µí…Œì¼,2318,1405,1275,62.408%,https://www.acmicpc.net/problem/21312
11109,Bronze III,ê´´ì§œ êµìˆ˜,1685,1355,1263,80.292%,https://www.acmicpc.net/problem/11109
17174,Bronze III,ì „ì²´ ê³„ì‚° íšŸìˆ˜,1913,1334,1261,72.222%,https://www.acmicpc.net/problem/17174
14579,Bronze III,ë§ì…ˆê³¼ ê³±ì…ˆ,2332,1345,1235,60.539%,https://www.acmicpc.net/problem/14579
30031,Bronze IV,ì§€í ì„¸ê¸°,1614,1331,1228,83.937%,https://www.acmicpc.net/problem/30031
16504,Bronze III,ì¢…ì´ì ‘ê¸°,2461,1416,1224,57.303%,https://www.acmicpc.net/problem/16504
31090,Bronze IV,2023ì€ ë¬´ì—‡ì´ íŠ¹ë³„í• ê¹Œ?,1803,1318,1222,74.016%,https://www.acmicpc.net/problem/31090
1614,Silver III,ì˜ì‹ì´ì˜ ì†ê°€ë½,4784,1687,1217,33.919%,https://www.acmicpc.net/problem/1614
30979,Bronze IV,ìœ ì¹˜ì›ìƒ íŒŒëŒ•ì´ ëŒë³´ê¸°,1597,1259,1187,80.094%,https://www.acmicpc.net/problem/30979
14913,Bronze III,ë“±ì°¨ìˆ˜ì—´ì—ì„œ í•­ ë²ˆí˜¸ ì°¾ê¸°,3824,1281,1163,35.072%,https://www.acmicpc.net/problem/14913
30468,Bronze IV,í˜¸ë°˜ìš°ê°€ í•™êµì— ì§€ê°í•œ ì´ìœ  1,1719,1169,1117,69.638%,https://www.acmicpc.net/problem/30468
22341,Bronze II,ì‚¬ê°í˜• ë©´ì ,3785,1355,1074,38.004%,https://www.acmicpc.net/problem/22341
27890,Bronze IV,íŠ¹ë³„í•œ ì‘ì€ ë¶„ìˆ˜,1361,1128,1069,85.247%,https://www.acmicpc.net/problem/27890
31922,Bronze IV,ì´ ëŒ€íšŒëŠ” ì´ì œ ì œ ê²ë‹ˆë‹¤,1537,1075,1034,71.310%,https://www.acmicpc.net/problem/31922
8932,Bronze III,7ì¢… ê²½ê¸°,1394,1122,1015,81.921%,https://www.acmicpc.net/problem/8932
15818,Bronze III,ì˜¤ë²„í”Œë¡œìš°ì™€ ëª¨ë“ˆëŸ¬,1376,1077,992,79.615%,https://www.acmicpc.net/problem/15818
11312,Bronze III,ì‚¼ê° ë¬´ëŠ¬ - 2,1747,1063,991,61.400%,https://www.acmicpc.net/problem/11312
30008,Bronze IV,ì¤€ì˜ì´ì˜ ë“±ê¸‰,1370,1032,972,76.415%,https://www.acmicpc.net/problem/30008
32025,Bronze IV,ì²´ìœ¡ì€ ìˆ˜í•™ê³¼ëª© ì…ë‹ˆë‹¤,1350,1043,971,78.433%,https://www.acmicpc.net/problem/32025
17450,Bronze III,ê³¼ì ì‚¬ê¸°,2279,1088,971,50.129%,https://www.acmicpc.net/problem/17450
16503,Bronze III,ê´„í˜¸ ì—†ëŠ” ì‚¬ì¹™ì—°ì‚°,1912,1078,961,58.885%,https://www.acmicpc.net/problem/16503
2896,Bronze I,ë¬´ì•Œì½œ ì¹µí…Œì¼,2017,1074,959,56.511%,https://www.acmicpc.net/problem/2896
28061,Bronze III,ë ˆëª¬ ë”°ê¸°,1469,1041,948,74.295%,https://www.acmicpc.net/problem/28061
12840,Bronze III,ì°½ìš©ì´ì˜ ì‹œê³„,3856,1193,927,30.374%,https://www.acmicpc.net/problem/12840
14914,Bronze II,ì‚¬ê³¼ì™€ ë°”ë‚˜ë‚˜ ë‚˜ëˆ ì£¼ê¸°,1403,1013,914,76.294%,https://www.acmicpc.net/problem/14914
17247,Bronze I,íƒì‹œ ê±°ë¦¬,1502,1053,911,70.402%,https://www.acmicpc.net/problem/17247
21567,Bronze II,ìˆ«ìì˜ ê°œìˆ˜ 2,1259,944,886,76.843%,https://www.acmicpc.net/problem/21567
9437,Bronze II,ì‚¬ë¼ì§„ í˜ì´ì§€ ì°¾ê¸°,1331,960,871,75.022%,https://www.acmicpc.net/problem/9437
4539,Bronze I,ë°˜ì˜¬ë¦¼,1403,954,871,71.452%,https://www.acmicpc.net/problem/4539
19572,Bronze III,ê°€ë­„(Small),1625,944,866,59.234%,https://www.acmicpc.net/problem/19572
28417,Bronze III,ìŠ¤ì¼€ì´íŠ¸ë³´ë“œ,1881,1045,863,53.870%,https://www.acmicpc.net/problem/28417
31668,Bronze IV,íŠ¹ë³„í•œ ê°€ì§€,1105,928,860,86.519%,https://www.acmicpc.net/problem/31668
29807,Bronze IV,í•™ë²ˆì„ ì°¾ì•„ì¤˜!,1772,894,847,51.302%,https://www.acmicpc.net/problem/29807
30018,Bronze III,íƒ€ìŠˆ,1089,928,820,86.407%,https://www.acmicpc.net/problem/30018
23251,Bronze II,ìŠ¤ë¬¼ì…‹,1724,910,789,54.489%,https://www.acmicpc.net/problem/23251
2139,Bronze II,ë‚˜ëŠ” ë„ˆê°€ ì‚´ì•„ì˜¨ ë‚ ì„ ì•Œê³  ìˆë‹¤,1394,866,784,63.948%,https://www.acmicpc.net/problem/2139
3226,Bronze I,ì „í™” ìš”ê¸ˆ,1891,879,783,50.712%,https://www.acmicpc.net/problem/3226
25175,Bronze III,ë‘~~ë¶€ ë‘ë¶€ ë‘ë¶€,2238,875,782,41.796%,https://www.acmicpc.net/problem/25175
26145,Bronze III,ì¶œì œë¹„ ì¬ë¶„ë°°,1375,963,757,72.027%,https://www.acmicpc.net/problem/26145
31472,Bronze III,ê°ˆë˜ì˜ ìƒ‰ì¢…ì´ ìë¥´ê¸°,1174,811,753,70.440%,https://www.acmicpc.net/problem/31472
25642,Bronze III,ì “ê°€ë½ ê²Œì„,1194,793,739,67.550%,https://www.acmicpc.net/problem/25642
14761,Bronze III,FizzBuzz,1128,811,734,75.282%,https://www.acmicpc.net/problem/14761
30794,Bronze IV,ê°€í¬ì™€ í´ëŸ½ ì˜¤ë””ì…˜ 1,916,753,724,82.179%,https://www.acmicpc.net/problem/30794
19946,Bronze II,2ì˜ ì œê³±ìˆ˜ ê³„ì‚°í•˜ê¸°,1938,853,717,47.109%,https://www.acmicpc.net/problem/19946
30204,Bronze II,ë³‘ì˜ì™¸ ê¸‰ì‹,1118,774,703,71.516%,https://www.acmicpc.net/problem/30204
25756,Bronze III,ë°©ì–´ìœ¨ ë¬´ì‹œ ê³„ì‚°í•˜ê¸°,1370,759,681,57.275%,https://www.acmicpc.net/problem/25756
10420,Bronze II,ê¸°ë…ì¼ 1,1757,766,679,46.411%,https://www.acmicpc.net/problem/10420
31962,Bronze IV,ë“±êµ,1198,733,669,63.714%,https://www.acmicpc.net/problem/31962
25965,Bronze III,ë¯¸ì…˜ ë„ë„¤ì´ì…˜,1656,724,658,45.068%,https://www.acmicpc.net/problem/25965
2097,Silver V,ì¡°ì•½ëŒ,2172,821,657,40.732%,https://www.acmicpc.net/problem/2097
23813,Bronze II,íšŒì „,1058,714,648,69.603%,https://www.acmicpc.net/problem/23813
9493,Bronze III,"ê¸¸ë©´ ê¸°ì°¨, ê¸°ì°¨ëŠ” ë¹¨ë¼, ë¹ ë¥¸ ê²ƒì€ ë¹„í–‰ê¸°",1759,751,637,43.186%,https://www.acmicpc.net/problem/9493
31561,Bronze III,ì‹œê³„íƒ‘,1034,668,616,67.916%,https://www.acmicpc.net/problem/31561
14219,Bronze II,ë§‰ëŒ€ê³¼ì í¬ì¥,810,628,572,78.035%,https://www.acmicpc.net/problem/14219
29614,Bronze II,í•™ì ê³„ì‚°í”„ë¡œê·¸ë¨,933,619,571,67.335%,https://www.acmicpc.net/problem/29614
17252,Silver IV,ì‚¼ì‚¼í•œ ìˆ˜,1790,693,566,38.900%,https://www.acmicpc.net/problem/17252
31798,Bronze III,ë‹¨ì›í‰ê°€,795,593,552,75.204%,https://www.acmicpc.net/problem/31798
30917,Bronze III,A+B - 10 (ì œ1í¸),1078,624,550,60.976%,https://www.acmicpc.net/problem/30917
28236,Bronze II,ì ì‹¬ì‹œê°„ ë ˆì´ìŠ¤,1037,624,545,62.073%,https://www.acmicpc.net/problem/28236
30642,Bronze III,ì•„ì´ê·¸ë£¨ìŠ¤ì™€ í™”ì¥ì‹¤,1177,640,543,56.386%,https://www.acmicpc.net/problem/30642
23320,Bronze II,í™ìµ ì ˆëŒ€í‰ê°€,937,588,536,65.128%,https://www.acmicpc.net/problem/23320
10262,Bronze II,ì£¼ì‚¬ìœ„ ê²Œì„,789,588,535,76.978%,https://www.acmicpc.net/problem/10262
24544,Bronze II,ì¹´ì¹´ì˜¤ë·° íë ˆì´íŒ… íš¨ìš©ì„± ë¶„ì„,659,556,522,85.294%,https://www.acmicpc.net/problem/24544
18127,Bronze III,ëª¨í˜•ê²°ì •,891,577,503,65.410%,https://www.acmicpc.net/problem/18127
31067,Bronze I,ë‹¤ì˜¤ì˜ ê²½ì£¼ ëŒ€íšŒ,791,535,497,68.741%,https://www.acmicpc.net/problem/31067
27512,Bronze II,ìŠ¤ë„¤ì´í¬,908,550,487,64.933%,https://www.acmicpc.net/problem/27512
2408,Bronze II,í° ìˆ˜ ê³„ì‚°,1685,574,471,38.990%,https://www.acmicpc.net/problem/2408
6609,Bronze II,ëª¨ê¸°ê³±ì…ˆ,1320,699,469,51.201%,https://www.acmicpc.net/problem/6609
31833,Bronze III,ì˜¨ë°ê°„ë°ì—†ì„ë¿ë”ëŸ¬,680,512,460,74.919%,https://www.acmicpc.net/problem/31833
32215,Bronze IV,ì½”ë“œë§ˆìŠ¤í„° 2024,581,475,450,82.569%,https://www.acmicpc.net/problem/32215
23278,Bronze I,ì˜í™” í‰ê°€,795,499,429,63.839%,https://www.acmicpc.net/problem/23278
13170,Silver IV,ë–¨ì–´ì§„ ìˆ˜ì •,826,431,378,54.310%,https://www.acmicpc.net/problem/13170
26005,Silver V,ë‚˜ë­‡ì í•™íšŒ,663,434,375,65.905%,https://www.acmicpc.net/problem/26005
9070,Bronze II,ì¥ë³´ê¸°,929,463,372,52.321%,https://www.acmicpc.net/problem/9070
5556,Silver V,íƒ€ì¼,835,432,366,60.297%,https://www.acmicpc.net/problem/5556
5544,Bronze I,ë¦¬ê·¸,651,400,362,67.286%,https://www.acmicpc.net/problem/5544
16495,Bronze I,ì—´ ìˆœì„œ,677,398,355,59.865%,https://www.acmicpc.net/problem/16495
31880,Bronze II,K512ì»µ ê°œìµœ!,503,375,350,76.419%,https://www.acmicpc.net/problem/31880
11571,Gold V,ë¶„ìˆ˜ë¥¼ ì†Œìˆ˜ë¡œ,1168,519,347,42.734%,https://www.acmicpc.net/problem/11571
32184,Bronze III,ë””ë¯¸ê³ ì— ê°€ê³  ì‹¶ì–´!,706,374,344,55.305%,https://www.acmicpc.net/problem/32184
23292,Bronze II,ì½”ë”© ë°”ì´ì˜¤ë¦¬ë“¬,777,392,342,50.220%,https://www.acmicpc.net/problem/23292
32209,Bronze III,ë‹¤ìŒ ë‹¬ì— ë´ìš”,472,367,341,80.047%,https://www.acmicpc.net/problem/32209
2520,Bronze II,íŒ¬ì¼€ì´í¬ ì‚¬ë‘,979,366,330,44.655%,https://www.acmicpc.net/problem/2520
6500,Bronze II,ëœë¤ ìˆ«ì ë§Œë“¤ê¸°,692,439,327,66.194%,https://www.acmicpc.net/problem/6500
25576,Bronze II,ì°¾ì•˜ë‹¤ ì•…ì§ˆ,1102,374,319,36.395%,https://www.acmicpc.net/problem/25576
29724,Bronze I,ğŸğŸ“¦ 'ì‚¬ê³¼ìƒì'ì— ë“¤ì–´ìˆëŠ” ê²ƒì€ ë¬´ì—‡? í˜„ê¸ˆ?,393,331,316,85.870%,https://www.acmicpc.net/problem/29724
18795,Bronze II,ì´ë™í•˜ê¸° 3,625,373,316,65.971%,https://www.acmicpc.net/problem/18795
31533,Bronze II,Furiosa AI ì˜ìƒ ì²˜ë¦¬ ê°€ì†,470,318,294,70.673%,https://www.acmicpc.net/problem/31533
30924,Silver V,A+B - 10 (ì œ2í¸),1640,413,294,26.630%,https://www.acmicpc.net/problem/30924
29734,Bronze II,ì§‘ì—ì„  ì•ˆë¼ì‰,742,314,286,48.229%,https://www.acmicpc.net/problem/29734
25425,Bronze I,ìš´ë™íšŒ,1038,322,285,39.095%,https://www.acmicpc.net/problem/25425
23814,Silver III,ì•„ ì €ëŠ” ë³¶ìŒë°¥ì´ìš”,1299,334,276,30.065%,https://www.acmicpc.net/problem/23814
12866,Bronze I,í”¼ë…¸í‚¤ì˜¤,830,377,276,45.545%,https://www.acmicpc.net/problem/12866
10041,Bronze I,ê´€ê´‘,628,290,273,48.319%,https://www.acmicpc.net/problem/10041
29753,Silver IV,ìµœì†Œ ì„±ì ,1464,316,271,28.677%,https://www.acmicpc.net/problem/29753
27973,Silver I,ì§€ì—° í‰ê°€,586,333,269,58.734%,https://www.acmicpc.net/problem/27973
32193,Bronze III,ìŠ¹ê°•ì¥ì˜ ê¹Šì´,434,286,261,67.969%,https://www.acmicpc.net/problem/32193
4328,Bronze I,ê¸°ì´ˆ ë‚˜ë¨¸ì§€ ê³„ì‚°,606,276,249,49.112%,https://www.acmicpc.net/problem/4328
17207,Silver V,ëŒë ¤ë§‰ê¸°,440,269,244,61.929%,https://www.acmicpc.net/problem/17207
28086,Silver IV,ë¯¸ì†Œë…€ ì»´í“¨í„° íŒŒë£¨ë¹—í†  ì¨©,1299,284,235,24.633%,https://www.acmicpc.net/problem/28086
30445,Bronze I,í–‰ë³µ ì ìˆ˜,1086,270,230,27.677%,https://www.acmicpc.net/problem/30445
28127,Gold V,ìˆ«ìíƒ‘ê³¼ ì¿¼ë¦¬,756,277,219,39.037%,https://www.acmicpc.net/problem/28127
4884,Silver V,FIFA ì›”ë“œì»µ,1085,267,219,29.161%,https://www.acmicpc.net/problem/4884
27885,Bronze I,ê°€í¬ì™€ ì—´ë¦¬ì§€ ì•ŠëŠ” ê±´ë„ëª©,444,232,209,61.290%,https://www.acmicpc.net/problem/27885
32171,Bronze II,ìš¸íƒ€ë¦¬ ê³µì‚¬,304,220,205,73.741%,https://www.acmicpc.net/problem/32171
11296,Bronze II,ê°€ê²©,520,222,204,50.370%,https://www.acmicpc.net/problem/11296
32216,Bronze III,ì°¬ë¬¼ ìƒ¤ì›Œ,287,218,201,77.308%,https://www.acmicpc.net/problem/32216
18130,Bronze I,ì—¬ë¦„ë‚˜ê¸°,886,237,199,32.097%,https://www.acmicpc.net/problem/18130
2545,Silver IV,íŒ¬ì¼€ìµ ë¨¹ê¸°,1098,228,198,27.310%,https://www.acmicpc.net/problem/2545
3566,Bronze I,ëŒ€í˜• ìŠ¤í¬ë¦°,885,220,192,27.507%,https://www.acmicpc.net/problem/3566
28470,Silver V,ìŠ¥~ë¹¡! ë¹¡~ìŠ¥!,1040,239,190,22.646%,https://www.acmicpc.net/problem/28470
12353,Bronze II,Dr. Spacemanì˜ íŠ¹ë³„í•œ ì•Œê³ ë¦¬ì¦˜,370,193,178,55.625%,https://www.acmicpc.net/problem/12353
25341,Gold III,ì¸ê³µ ì‹ ê²½ë§,1012,251,176,25.286%,https://www.acmicpc.net/problem/25341
29808,Silver V,ë„ˆì˜ ìˆ˜ëŠ¥ ì ìˆ˜ê°€ ê¶ê¸ˆí•´,605,172,152,32.900%,https://www.acmicpc.net/problem/29808
25338,Silver IV,ë°”ì§€ êµ¬ë§¤,247,187,147,78.610%,https://www.acmicpc.net/problem/25338
16130,Bronze I,ë²Œì  (DemeritPoints),322,152,146,57.708%,https://www.acmicpc.net/problem/16130
14843,Silver V,ì •ë³´ê°“ ì˜í›ˆì´,884,185,140,21.538%,https://www.acmicpc.net/problem/14843
9333,Silver I,ëˆ ê°šê¸°,960,164,126,23.119%,https://www.acmicpc.net/problem/9333
1287,Platinum IV,í•  ìˆ˜ ìˆë‹¤,4441,251,111,9.227%,https://www.acmicpc.net/problem/1287
22937,Silver II,êµìˆ˜ë‹˜ ê³„ì‚°ê¸°ê°€ ê³ ì¥ë‚¬ì–´ìš”!,501,130,99,36.264%,https://www.acmicpc.net/problem/22937
